{
    "businfo": {
        "1287": {
            "buses": {
                "76": 15,
                "84": 10,
                "204": 10,
                "213": 18,
                "280": 9,
                "306": 31,
                "604": 11
            },
            "name": "National Stadium"
        },
        "1308": {
            "buses": {
                "4": 13,
                "12": 6,
                "18": 7
            },
            "name": "Buckingham Palace"
        },
        "1327": {
            "buses": {
                "78": 18,
                "85": 20,
                "213": 18,
                "285": 20,
                "305": 18,
                "404": 18,
                "413": 16
            },
            "name": "Central Train Station"
        },
        "2334": {
            "buses": {
                "20": 11,
                "22": 4
            },
            "name": "Picadilly Circus"
        }
    },
    "schedule" : {
        "0067" : {
          "name" : "Holborn",
          "next" : "1844"
        },
        "0098" : {
          "name" : "Westminster",
          "next" : "2057"
        },
        "0296" : {
          "name" : "Marble Arch",
          "next" : "2571"
        },
        "0361" : {
          "name" : "Leicester Square",
          "next" : "0812"
        },
        "0566" : {
          "name" : "Victoria",
          "next" : "0631"
        },
        "0631" : {
          "name" : "Hyde Park Corner",
          "next" : "1931"
        },
        "0812" : {
          "name" : "Tottenham Court Road",
          "next" : "1567"
        },
        "1567" : {
          "name" : "Temple",
          "next" : "0067"
        },
        "1844" : {
          "name" : "Charing Cross",
          "next" : "2053"
        },
        "1931" : {
          "name" : "Green Park",
          "next" : "0296"
        },
        "2037" : {
          "name" : "Waterloo East",
          "next" : "0098"
        },
        "2053" : {
          "name" : "Waterloo",
          "next" : "2037"
        },
        "2057" : {
          "name" : "St. James's Park",
          "next" : "0566"
        },
        "2571" : {
          "name" : "Bond Street",
          "next" : "2572"
        },
        "2572" : {
          "name" : "Paddington",
          "next" : "depot"
        },
        "depot" : {
          "name" : "Depot",
          "next" : "0361"
        }
      }
}